{
  "$schema": "https://developer.microsoft.com/json-schemas/fabric/item/report/definition/bookmark/1.2.0/schema.json",
  "displayName": "open filter",
  "name": "76ecdabcfe98ce0fb34c",
  "options": {
    "targetVisualNames": [
      "aca791e0775ab2abeb35"
    ],
    "suppressData": true
  },
  "explorationState": {
    "version": "1.3",
    "activeSection": "b4c72152d76b9e2b1175",
    "sections": {
      "b4c72152d76b9e2b1175": {
        "visualContainers": {
          "24800a3d4182a821b703": {
            "singleVisual": {
              "visualType": "actionButton",
              "objects": {}
            }
          },
          "2db2fa63e3beb2158561": {
            "singleVisual": {
              "visualType": "textbox",
              "objects": {}
            }
          },
          "3756a040b5c8617996fc": {
            "singleVisual": {
              "visualType": "actionButton",
              "objects": {}
            }
          },
          "3e82fdf17ad5b62bad61": {
            "singleVisual": {
              "visualType": "image",
              "objects": {}
            }
          },
          "636d5b38190897e2f652": {
            "singleVisual": {
              "visualType": "shape",
              "objects": {}
            }
          },
          "7606f4a86d64f512c520": {
            "singleVisual": {
              "visualType": "slicer",
              "objects": {
                "merge": {
                  "data": [
                    {
                      "properties": {
                        "mode": {
                          "expr": {
                            "Literal": {
                              "Value": "'Dropdown'"
                            }
                          }
                        }
                      }
                    }
                  ],
                  "selection": [
                    {
                      "properties": {
                        "strictSingleSelect": {
                          "expr": {
                            "Literal": {
                              "Value": "false"
                            }
                          }
                        }
                      }
                    }
                  ]
                }
              },
              "activeProjections": {
                "Values": [
                  {
                    "Column": {
                      "Expression": {
                        "SourceRef": {
                          "Entity": "DimEmployee"
                        }
                      },
                      "Property": "Sales Group"
                    }
                  }
                ]
              }
            }
          },
          "7efd0b446ffb05686f5f": {
            "singleVisual": {
              "visualType": "tableEx",
              "objects": {}
            }
          },
          "7fecd7bdec68a9729a22": {
            "singleVisual": {
              "visualType": "actionButton",
              "objects": {}
            }
          },
          "8961b5bff1cee3d20479": {
            "singleVisual": {
              "visualType": "textbox",
              "objects": {}
            }
          },
          "aca791e0775ab2abeb35": {
            "singleVisual": {
              "visualType": "slicer",
              "objects": {
                "merge": {
                  "data": [
                    {
                      "properties": {
                        "mode": {
                          "expr": {
                            "Literal": {
                              "Value": "'Dropdown'"
                            }
                          }
                        }
                      }
                    }
                  ],
                  "selection": [
                    {
                      "properties": {
                        "strictSingleSelect": {
                          "expr": {
                            "Literal": {
                              "Value": "false"
                            }
                          }
                        }
                      }
                    }
                  ]
                }
              },
              "activeProjections": {
                "Values": [
                  {
                    "Column": {
                      "Expression": {
                        "SourceRef": {
                          "Entity": "DimEmployee"
                        }
                      },
                      "Property": "Sales Country"
                    }
                  }
                ]
              }
            }
          },
          "d975218793aca9113e37": {
            "singleVisual": {
              "visualType": "shape",
              "objects": {}
            }
          },
          "fba9502e60416c4bca3c": {
            "singleVisual": {
              "visualType": "slicer",
              "objects": {
                "merge": {
                  "general": [
                    {
                      "properties": {
                        "filter": {
                          "filter": {
                            "Version": 2,
                            "From": [
                              {
                                "Name": "o",
                                "Entity": "OrderDate",
                                "Type": 0
                              }
                            ],
                            "Where": [
                              {
                                "Condition": {
                                  "In": {
                                    "Expressions": [
                                      {
                                        "Column": {
                                          "Expression": {
                                            "SourceRef": {
                                              "Source": "o"
                                            }
                                          },
                                          "Property": "OrderYear"
                                        }
                                      }
                                    ],
                                    "Values": [
                                      [
                                        {
                                          "Literal": {
                                            "Value": "2013L"
                                          }
                                        }
                                      ]
                                    ]
                                  }
                                }
                              }
                            ]
                          }
                        }
                      }
                    }
                  ],
                  "data": [
                    {
                      "properties": {
                        "mode": {
                          "expr": {
                            "Literal": {
                              "Value": "'Dropdown'"
                            }
                          }
                        }
                      }
                    }
                  ],
                  "selection": [
                    {
                      "properties": {
                        "strictSingleSelect": {
                          "expr": {
                            "Literal": {
                              "Value": "true"
                            }
                          }
                        }
                      }
                    }
                  ]
                }
              },
              "orderBy": [
                {
                  "Direction": 2,
                  "Expression": {
                    "Column": {
                      "Expression": {
                        "SourceRef": {
                          "Entity": "OrderDate"
                        }
                      },
                      "Property": "OrderYear"
                    }
                  }
                }
              ],
              "activeProjections": {
                "Values": [
                  {
                    "Column": {
                      "Expression": {
                        "SourceRef": {
                          "Entity": "OrderDate"
                        }
                      },
                      "Property": "OrderYear"
                    }
                  }
                ]
              }
            }
          }
        },
        "visualContainerGroups": {
          "abcf01ad1071d52bf171": {
            "isHidden": false
          }
        }
      }
    },
    "objects": {
      "merge": {
        "outspacePane": [
          {
            "properties": {
              "expanded": {
                "expr": {
                  "Literal": {
                    "Value": "false"
                  }
                }
              }
            }
          }
        ]
      }
    }
  }
}