{
  "$schema": "https://developer.microsoft.com/json-schemas/fabric/item/report/definition/visualContainer/1.4.0/schema.json",
  "name": "078854a481bae102294d",
  "position": {
    "x": 184,
    "y": 152,
    "z": 0,
    "height": 304,
    "width": 1096,
    "tabOrder": 0
  },
  "visual": {
    "visualType": "pivotTable",
    "query": {
      "queryState": {
        "Columns": {
          "projections": [
            {
              "field": {
                "Column": {
                  "Expression": {
                    "SourceRef": {
                      "Entity": "OrderDate"
                    }
                  },
                  "Property": "OrderYear"
                }
              },
              "queryRef": "OrderDate.OrderYear",
              "nativeQueryRef": "OrderYear",
              "active": true
            }
          ]
        },
        "Rows": {
          "projections": [
            {
              "field": {
                "Column": {
                  "Expression": {
                    "SourceRef": {
                      "Entity": "OrderDate"
                    }
                  },
                  "Property": "OrderMonth"
                }
              },
              "queryRef": "OrderDate.OrderMonth",
              "nativeQueryRef": "OrderMonth",
              "active": true
            }
          ]
        },
        "Values": {
          "projections": [
            {
              "field": {
                "Measure": {
                  "Expression": {
                    "SourceRef": {
                      "Entity": "_Measures"
                    }
                  },
                  "Property": "Total Sales YoY%"
                }
              },
              "queryRef": "_Measures.Total Sales YoY%",
              "nativeQueryRef": "Total Sales YoY%"
            },
            {
              "field": {
                "Measure": {
                  "Expression": {
                    "SourceRef": {
                      "Entity": "_Measures"
                    }
                  },
                  "Property": "Total Sales"
                }
              },
              "queryRef": "_Measures.Total Sales",
              "nativeQueryRef": "Total Sales"
            }
          ]
        }
      }
    },
    "drillFilterOtherVisuals": true
  }
}