{
  "$schema": "https://developer.microsoft.com/json-schemas/fabric/item/report/definition/visualContainer/1.4.0/schema.json",
  "name": "8de79853c67693635ac5",
  "position": {
    "x": 24,
    "y": 24,
    "z": 0,
    "height": 672,
    "width": 1232,
    "tabOrder": 0
  },
  "visual": {
    "visualType": "keyDriversVisual",
    "query": {
      "queryState": {
        "ExplainBy": {
          "projections": [
            {
              "field": {
                "Column": {
                  "Expression": {
                    "SourceRef": {
                      "Entity": "test-scores"
                    }
                  },
                  "Property": "After-School Tutoring"
                }
              },
              "queryRef": "test-scores.After-School Tutoring",
              "nativeQueryRef": "After-School Tutoring"
            },
            {
              "field": {
                "Column": {
                  "Expression": {
                    "SourceRef": {
                      "Entity": "test-scores"
                    }
                  },
                  "Property": "Parental Education Level"
                }
              },
              "queryRef": "test-scores.Parental Education Level",
              "nativeQueryRef": "Parental Education Level"
            },
            {
              "field": {
                "Column": {
                  "Expression": {
                    "SourceRef": {
                      "Entity": "test-scores"
                    }
                  },
                  "Property": "Sex"
                }
              },
              "queryRef": "test-scores.Sex",
              "nativeQueryRef": "Sex"
            },
            {
              "field": {
                "Aggregation": {
                  "Expression": {
                    "Column": {
                      "Expression": {
                        "SourceRef": {
                          "Entity": "test-scores"
                        }
                      },
                      "Property": "Classroom Size"
                    }
                  },
                  "Function": 0
                }
              },
              "queryRef": "Sum(test-scores.Classroom Size)",
              "nativeQueryRef": "Sum of Classroom Size"
            }
          ]
        },
        "Target": {
          "projections": [
            {
              "field": {
                "Column": {
                  "Expression": {
                    "SourceRef": {
                      "Entity": "test-scores"
                    }
                  },
                  "Property": "Test Score"
                }
              },
              "queryRef": "test-scores.Test Score",
              "nativeQueryRef": "Test Score"
            }
          ]
        }
      },
      "sortDefinition": {
        "sort": [
          {
            "field": {
              "Column": {
                "Expression": {
                  "SourceRef": {
                    "Entity": "test-scores"
                  }
                },
                "Property": "After-School Tutoring"
              }
            },
            "direction": "Ascending"
          }
        ],
        "isDefaultSort": true
      }
    },
    "objects": {
      "keyDrivers": [
        {
          "properties": {
            "selectedAnalysis": {
              "expr": {
                "Literal": {
                  "Value": "'topProfiles'"
                }
              }
            },
            "numericTargetSelectedKind": {
              "expr": {
                "Literal": {
                  "Value": "0D"
                }
              }
            }
          }
        }
      ]
    },
    "drillFilterOtherVisuals": true
  }
}