{
  "$schema": "https://developer.microsoft.com/json-schemas/fabric/item/report/definition/page/1.2.0/schema.json",
  "name": "7ab0f70a8ea6070b5784",
  "displayName": "Employee Dashboard",
  "displayOption": "FitToPage",
  "height": 720,
  "width": 1280,
  "filterConfig": {
    "filters": [
      {
        "name": "896f570dfbf678433fd9",
        "field": {
          "Column": {
            "Expression": {
              "SourceRef": {
                "Entity": "DimEmployee"
              }
            },
            "Property": "Name"
          }
        },
        "filter": {
          "Version": 2,
          "From": [
            {
              "Name": "d",
              "Entity": "DimEmployee",
              "Type": 0
            }
          ],
          "Where": [
            {
              "Condition": {
                "In": {
                  "Expressions": [
                    {
                      "Column": {
                        "Expression": {
                          "SourceRef": {
                            "Source": "d"
                          }
                        },
                        "Property": "Name"
                      }
                    }
                  ],
                  "Values": [
                    [
                      {
                        "Literal": {
                          "Value": "'Tete Mensa-Annan'"
                        }
                      }
                    ]
                  ]
                }
              }
            }
          ]
        },
        "howCreated": "Drillthrough"
      }
    ]
  },
  "pageBinding": {
    "name": "269861058ba2b96636ab",
    "type": "Drillthrough",
    "parameters": [
      {
        "name": "a58c1d6c92f692950f30",
        "boundFilter": "896f570dfbf678433fd9",
        "fieldExpr": {
          "Column": {
            "Expression": {
              "SourceRef": {
                "Entity": "DimEmployee"
              }
            },
            "Property": "Name"
          }
        }
      }
    ],
    "acceptsFilterContext": "None"
  },
  "objects": {
    "background": [
      {
        "properties": {
          "image": {
            "image": {
              "name": {
                "expr": {
                  "Literal": {
                    "Value": "'adventure-works-background.png'"
                  }
                }
              },
              "url": {
                "expr": {
                  "ResourcePackageItem": {
                    "PackageName": "RegisteredResources",
                    "PackageType": 1,
                    "ItemName": "adventure-works-background4338732084875139.png"
                  }
                }
              },
              "scaling": {
                "expr": {
                  "Literal": {
                    "Value": "'Normal'"
                  }
                }
              }
            }
          },
          "transparency": {
            "expr": {
              "Literal": {
                "Value": "0D"
              }
            }
          }
        }
      }
    ]
  }
}