{
  "$schema": "https://developer.microsoft.com/json-schemas/fabric/item/report/definition/report/1.2.0/schema.json",
  "themeCollection": {
    "baseTheme": {
      "name": "CY24SU10",
      "reportVersionAtImport": "5.60",
      "type": "SharedResources"
    }
  },
  "layoutOptimization": "None",
  "objects": {
    "section": [
      {
        "properties": {
          "verticalAlignment": {
            "expr": {
              "Literal": {
                "Value": "'Top'"
              }
            }
          }
        }
      }
    ],
    "outspacePane": [
      {
        "properties": {
          "expanded": {
            "expr": {
              "Literal": {
                "Value": "false"
              }
            }
          }
        }
      }
    ]
  },
  "resourcePackages": [
    {
      "name": "SharedResources",
      "type": "SharedResources",
      "items": [
        {
          "name": "CY24SU10",
          "path": "BaseThemes/CY24SU10.json",
          "type": "BaseTheme"
        }
      ]
    },
    {
      "name": "RegisteredResources",
      "type": "RegisteredResources",
      "items": [
        {
          "name": "adventure-works-logo-150x15019812488852153165.png",
          "path": "adventure-works-logo-150x15019812488852153165.png",
          "type": "Image"
        },
        {
          "name": "adventure-works-background6773439752832597.svg",
          "path": "adventure-works-background6773439752832597.svg",
          "type": "Image"
        },
        {
          "name": "adventure-works-background4338732084875139.png",
          "path": "adventure-works-background4338732084875139.png",
          "type": "Image"
        },
        {
          "name": "rep-name39467755587472375.png",
          "path": "rep-name39467755587472375.png",
          "type": "Image"
        },
        {
          "name": "rep-title3057295421404922.png",
          "path": "rep-title3057295421404922.png",
          "type": "Image"
        },
        {
          "name": "rep-hired9834479869462298.png",
          "path": "rep-hired9834479869462298.png",
          "type": "Image"
        },
        {
          "name": "rep-phone07425757926923082.png",
          "path": "rep-phone07425757926923082.png",
          "type": "Image"
        },
        {
          "name": "rep-region9385935131012904.png",
          "path": "rep-region9385935131012904.png",
          "type": "Image"
        },
        {
          "name": "rep-sales5913788969999088.png",
          "path": "rep-sales5913788969999088.png",
          "type": "Image"
        },
        {
          "name": "edx-pbi-menu-black8563317374743353.svg",
          "path": "edx-pbi-menu-black8563317374743353.svg",
          "type": "Image"
        },
        {
          "name": "edx-pbi-menu-white33025100783544215.svg",
          "path": "edx-pbi-menu-white33025100783544215.svg",
          "type": "Image"
        },
        {
          "name": "edx-pbi-menu-white5029807027101587.svg",
          "path": "edx-pbi-menu-white5029807027101587.svg",
          "type": "Image"
        }
      ]
    }
  ],
  "settings": {
    "useStylableVisualContainerHeader": true,
    "defaultDrillFilterOtherVisuals": true,
    "allowChangeFilterTypes": true,
    "useEnhancedTooltips": true,
    "useDefaultAggregateDisplayName": true
  }
}