{
  "$schema": "https://developer.microsoft.com/json-schemas/fabric/item/report/definition/page/1.2.0/schema.json",
  "name": "5e4546183945d8d164fc",
  "displayName": "Page 2",
  "displayOption": "FitToPage",
  "height": 720,
  "width": 1280,
  "objects": {
    "background": [
      {
        "properties": {
          "color": {
            "solid": {
              "color": {
                "expr": {
                  "ThemeDataColor": {
                    "ColorId": 3,
                    "Percent": -0.25
                  }
                }
              }
            }
          },
          "transparency": {
            "expr": {
              "Literal": {
                "Value": "0D"
              }
            }
          }
        }
      }
    ]
  }
}