{
  "$schema": "https://developer.microsoft.com/json-schemas/fabric/item/report/definition/visualContainer/1.4.0/schema.json",
  "name": "324efc493d28abcd4227",
  "position": {
    "x": 640,
    "y": 200,
    "z": 5000,
    "height": 264,
    "width": 632,
    "tabOrder": 5000
  },
  "visual": {
    "visualType": "pivotTable",
    "query": {
      "queryState": {
        "Rows": {
          "projections": [
            {
              "field": {
                "Column": {
                  "Expression": {
                    "SourceRef": {
                      "Entity": "OrderDate"
                    }
                  },
                  "Property": "OrderYear"
                }
              },
              "queryRef": "OrderDate.OrderYear",
              "nativeQueryRef": "OrderYear",
              "active": true
            },
            {
              "field": {
                "Column": {
                  "Expression": {
                    "SourceRef": {
                      "Entity": "OrderDate"
                    }
                  },
                  "Property": "OrderMonth"
                }
              },
              "queryRef": "OrderDate.OrderMonth",
              "nativeQueryRef": "OrderMonth",
              "active": false
            }
          ]
        },
        "Values": {
          "projections": [
            {
              "field": {
                "Measure": {
                  "Expression": {
                    "SourceRef": {
                      "Entity": "_Measures"
                    }
                  },
                  "Property": "Total Sales"
                }
              },
              "queryRef": "_Measures.Total Sales",
              "nativeQueryRef": "Total Sales"
            },
            {
              "field": {
                "Measure": {
                  "Expression": {
                    "SourceRef": {
                      "Entity": "_Measures"
                    }
                  },
                  "Property": "Total Sales PY"
                }
              },
              "queryRef": "_Measures.Total Sales PY",
              "nativeQueryRef": "Total Sales PY"
            },
            {
              "field": {
                "Measure": {
                  "Expression": {
                    "SourceRef": {
                      "Entity": "_Measures"
                    }
                  },
                  "Property": "Total Sales YoY%"
                }
              },
              "queryRef": "_Measures.Total Sales YoY%",
              "nativeQueryRef": "Total Sales YoY%"
            },
            {
              "field": {
                "Measure": {
                  "Expression": {
                    "SourceRef": {
                      "Entity": "_Measures"
                    }
                  },
                  "Property": "Total Sales YTD"
                }
              },
              "queryRef": "_Measures.Total Sales YTD",
              "nativeQueryRef": "Total Sales YTD"
            }
          ]
        }
      },
      "sortDefinition": {
        "sort": [
          {
            "field": {
              "Column": {
                "Expression": {
                  "SourceRef": {
                    "Entity": "OrderDate"
                  }
                },
                "Property": "OrderYear"
              }
            },
            "direction": "Descending"
          }
        ]
      }
    },
    "expansionStates": [
      {
        "roles": [
          "Rows"
        ],
        "levels": [
          {
            "queryRefs": [
              "OrderDate.OrderYear"
            ],
            "isCollapsed": true,
            "identityKeys": [
              {
                "Column": {
                  "Expression": {
                    "SourceRef": {
                      "Entity": "OrderDate"
                    }
                  },
                  "Property": "OrderYear"
                }
              }
            ],
            "isPinned": true
          },
          {
            "queryRefs": [
              "OrderDate.OrderMonth"
            ],
            "isCollapsed": true,
            "isPinned": true
          }
        ],
        "root": {}
      }
    ],
    "objects": {
      "values": [
        {
          "properties": {
            "icon": {
              "kind": "Icon",
              "layout": {
                "expr": {
                  "Literal": {
                    "Value": "'Before'"
                  }
                }
              },
              "verticalAlignment": {
                "expr": {
                  "Literal": {
                    "Value": "'Top'"
                  }
                }
              },
              "value": {
                "expr": {
                  "Conditional": {
                    "Cases": [
                      {
                        "Condition": {
                          "And": {
                            "Left": {
                              "Comparison": {
                                "ComparisonKind": 1,
                                "Left": {
                                  "Measure": {
                                    "Expression": {
                                      "SourceRef": {
                                        "Entity": "_Measures"
                                      }
                                    },
                                    "Property": "Total Sales YoY%"
                                  }
                                },
                                "Right": {
                                  "Literal": {
                                    "Value": "0D"
                                  }
                                }
                              }
                            },
                            "Right": {
                              "Comparison": {
                                "ComparisonKind": 4,
                                "Left": {
                                  "Measure": {
                                    "Expression": {
                                      "SourceRef": {
                                        "Entity": "_Measures"
                                      }
                                    },
                                    "Property": "Total Sales YoY%"
                                  }
                                },
                                "Right": {
                                  "Literal": {
                                    "Value": "9999D"
                                  }
                                }
                              }
                            }
                          }
                        },
                        "Value": {
                          "Literal": {
                            "Value": "'TriangleHigh'"
                          }
                        }
                      },
                      {
                        "Condition": {
                          "Comparison": {
                            "ComparisonKind": 0,
                            "Left": {
                              "Measure": {
                                "Expression": {
                                  "SourceRef": {
                                    "Entity": "_Measures"
                                  }
                                },
                                "Property": "Total Sales YoY%"
                              }
                            },
                            "Right": {
                              "Literal": {
                                "Value": "0D"
                              }
                            }
                          }
                        },
                        "Value": {
                          "Literal": {
                            "Value": "'TriangleMedium'"
                          }
                        }
                      },
                      {
                        "Condition": {
                          "And": {
                            "Left": {
                              "Comparison": {
                                "ComparisonKind": 2,
                                "Left": {
                                  "Measure": {
                                    "Expression": {
                                      "SourceRef": {
                                        "Entity": "_Measures"
                                      }
                                    },
                                    "Property": "Total Sales YoY%"
                                  }
                                },
                                "Right": {
                                  "Literal": {
                                    "Value": "-9999D"
                                  }
                                }
                              }
                            },
                            "Right": {
                              "Comparison": {
                                "ComparisonKind": 3,
                                "Left": {
                                  "Measure": {
                                    "Expression": {
                                      "SourceRef": {
                                        "Entity": "_Measures"
                                      }
                                    },
                                    "Property": "Total Sales YoY%"
                                  }
                                },
                                "Right": {
                                  "Literal": {
                                    "Value": "0D"
                                  }
                                }
                              }
                            }
                          }
                        },
                        "Value": {
                          "Literal": {
                            "Value": "'TriangleLow'"
                          }
                        }
                      }
                    ]
                  }
                }
              }
            }
          },
          "selector": {
            "data": [
              {
                "dataViewWildcard": {
                  "matchingOption": 1
                }
              }
            ],
            "metadata": "_Measures.Total Sales YoY%"
          }
        }
      ]
    },
    "visualContainerObjects": {
      "title": [
        {
          "properties": {
            "show": {
              "expr": {
                "Literal": {
                  "Value": "true"
                }
              }
            },
            "text": {
              "expr": {
                "Literal": {
                  "Value": "'Yearly Sales Summery'"
                }
              }
            }
          }
        }
      ],
      "border": [
        {
          "properties": {
            "show": {
              "expr": {
                "Literal": {
                  "Value": "true"
                }
              }
            },
            "color": {
              "solid": {
                "color": {
                  "expr": {
                    "ThemeDataColor": {
                      "ColorId": 0,
                      "Percent": -0.5
                    }
                  }
                }
              }
            },
            "width": {
              "expr": {
                "Literal": {
                  "Value": "1.2D"
                }
              }
            }
          }
        }
      ]
    },
    "drillFilterOtherVisuals": true
  }
}