{
  "$schema": "https://developer.microsoft.com/json-schemas/fabric/item/report/definition/visualContainer/1.4.0/schema.json",
  "name": "8651cc618d63dc5819a3",
  "position": {
    "x": 32,
    "y": 32,
    "z": 0,
    "height": 656,
    "width": 1216,
    "tabOrder": 0
  },
  "visual": {
    "visualType": "decompositionTreeVisual",
    "query": {
      "queryState": {
        "Analyze": {
          "projections": [
            {
              "field": {
                "Measure": {
                  "Expression": {
                    "SourceRef": {
                      "Entity": "_Measures"
                    }
                  },
                  "Property": "Total Sales"
                }
              },
              "queryRef": "_Measures.Total Sales",
              "nativeQueryRef": "Total Sales"
            }
          ]
        },
        "ExplainBy": {
          "projections": [
            {
              "field": {
                "Column": {
                  "Expression": {
                    "SourceRef": {
                      "Entity": "DimProduct"
                    }
                  },
                  "Property": "Product Category"
                }
              },
              "queryRef": "DimProduct.Product Category",
              "nativeQueryRef": "Product Category",
              "active": true
            },
            {
              "field": {
                "Column": {
                  "Expression": {
                    "SourceRef": {
                      "Entity": "DimSalesTerritory"
                    }
                  },
                  "Property": "SalesTerritoryCountry"
                }
              },
              "queryRef": "DimSalesTerritory.SalesTerritoryCountry",
              "nativeQueryRef": "SalesTerritoryCountry",
              "active": true
            },
            {
              "field": {
                "Column": {
                  "Expression": {
                    "SourceRef": {
                      "Entity": "DimProduct"
                    }
                  },
                  "Property": "Product Subcategory"
                }
              },
              "queryRef": "DimProduct.Product Subcategory",
              "nativeQueryRef": "Product Subcategory",
              "active": true
            },
            {
              "field": {
                "Column": {
                  "Expression": {
                    "SourceRef": {
                      "Entity": "DimSalesTerritory"
                    }
                  },
                  "Property": "SalesTerritoryRegion"
                }
              },
              "queryRef": "DimSalesTerritory.SalesTerritoryRegion",
              "nativeQueryRef": "SalesTerritoryRegion",
              "active": true
            },
            {
              "field": {
                "Column": {
                  "Expression": {
                    "SourceRef": {
                      "Entity": "DimProduct"
                    }
                  },
                  "Property": "Model"
                }
              },
              "queryRef": "DimProduct.Model",
              "nativeQueryRef": "Model",
              "active": true
            },
            {
              "field": {
                "Column": {
                  "Expression": {
                    "SourceRef": {
                      "Entity": "DimEmployee"
                    }
                  },
                  "Property": "Name"
                }
              },
              "queryRef": "DimEmployee.Name",
              "nativeQueryRef": "Name",
              "active": false
            },
            {
              "field": {
                "Column": {
                  "Expression": {
                    "SourceRef": {
                      "Entity": "DimReseller"
                    }
                  },
                  "Property": "ResellerName"
                }
              },
              "queryRef": "DimReseller.ResellerName",
              "nativeQueryRef": "ResellerName",
              "active": false
            }
          ]
        }
      }
    },
    "expansionStates": [
      {
        "roles": [
          "ExplainBy"
        ],
        "levels": [
          {
            "queryRefs": [
              "DimProduct.Product Category"
            ],
            "isCollapsed": true,
            "identityKeys": [
              {
                "Column": {
                  "Expression": {
                    "SourceRef": {
                      "Entity": "DimProduct"
                    }
                  },
                  "Property": "Product Category"
                }
              }
            ],
            "isPinned": true,
            "isLocked": true
          },
          {
            "queryRefs": [
              "DimSalesTerritory.SalesTerritoryCountry"
            ],
            "isCollapsed": true,
            "identityKeys": [
              {
                "Column": {
                  "Expression": {
                    "SourceRef": {
                      "Entity": "DimSalesTerritory"
                    }
                  },
                  "Property": "SalesTerritoryCountry"
                }
              }
            ],
            "isPinned": true
          },
          {
            "queryRefs": [
              "DimProduct.Product Subcategory"
            ],
            "isCollapsed": true,
            "identityKeys": [
              {
                "Column": {
                  "Expression": {
                    "SourceRef": {
                      "Entity": "DimProduct"
                    }
                  },
                  "Property": "Product Subcategory"
                }
              }
            ],
            "isPinned": true
          },
          {
            "queryRefs": [
              "DimSalesTerritory.SalesTerritoryRegion"
            ],
            "isCollapsed": true,
            "identityKeys": [
              {
                "Column": {
                  "Expression": {
                    "SourceRef": {
                      "Entity": "DimSalesTerritory"
                    }
                  },
                  "Property": "SalesTerritoryRegion"
                }
              }
            ],
            "isPinned": true
          },
          {
            "queryRefs": [
              "DimProduct.Model"
            ],
            "isCollapsed": true,
            "identityKeys": [
              {
                "Column": {
                  "Expression": {
                    "SourceRef": {
                      "Entity": "DimProduct"
                    }
                  },
                  "Property": "Model"
                }
              }
            ],
            "isPinned": true,
            "AIInformation": {
              "method": "MaxSplit"
            }
          },
          {
            "queryRefs": [
              "DimEmployee.Name"
            ],
            "isCollapsed": true
          },
          {
            "queryRefs": [
              "DimReseller.ResellerName"
            ],
            "isCollapsed": true
          }
        ],
        "root": {
          "children": [
            {
              "identityValues": [
                {
                  "Literal": {
                    "Value": "'Bikes'"
                  }
                }
              ],
              "isToggled": true,
              "children": [
                {
                  "identityValues": [
                    {
                      "Literal": {
                        "Value": "'United States'"
                      }
                    }
                  ],
                  "isToggled": true,
                  "children": [
                    {
                      "identityValues": [
                        {
                          "Literal": {
                            "Value": "'Road Bikes'"
                          }
                        }
                      ],
                      "isToggled": true,
                      "children": [
                        {
                          "identityValues": [
                            {
                              "Literal": {
                                "Value": "'Southwest'"
                              }
                            }
                          ],
                          "isToggled": true
                        }
                      ]
                    }
                  ]
                }
              ]
            }
          ]
        }
      }
    ],
    "objects": {
      "tree": [
        {
          "properties": {
            "effectiveBarsPerLevel": {
              "expr": {
                "Literal": {
                  "Value": "8L"
                }
              }
            }
          }
        }
      ],
      "insights": [
        {
          "properties": {
            "isAINode": {
              "expr": {
                "Literal": {
                  "Value": "true"
                }
              }
            }
          },
          "selector": {
            "data": [
              {
                "scopeId": {
                  "Comparison": {
                    "ComparisonKind": 0,
                    "Left": {
                      "Column": {
                        "Expression": {
                          "SourceRef": {
                            "Entity": "DimProduct"
                          }
                        },
                        "Property": "Product Category"
                      }
                    },
                    "Right": {
                      "Literal": {
                        "Value": "'Bikes'"
                      }
                    }
                  }
                }
              },
              {
                "scopeId": {
                  "Comparison": {
                    "ComparisonKind": 0,
                    "Left": {
                      "Column": {
                        "Expression": {
                          "SourceRef": {
                            "Entity": "DimSalesTerritory"
                          }
                        },
                        "Property": "SalesTerritoryCountry"
                      }
                    },
                    "Right": {
                      "Literal": {
                        "Value": "'United States'"
                      }
                    }
                  }
                }
              },
              {
                "scopeId": {
                  "Comparison": {
                    "ComparisonKind": 0,
                    "Left": {
                      "Column": {
                        "Expression": {
                          "SourceRef": {
                            "Entity": "DimProduct"
                          }
                        },
                        "Property": "Product Subcategory"
                      }
                    },
                    "Right": {
                      "Literal": {
                        "Value": "'Road Bikes'"
                      }
                    }
                  }
                }
              },
              {
                "scopeId": {
                  "Comparison": {
                    "ComparisonKind": 0,
                    "Left": {
                      "Column": {
                        "Expression": {
                          "SourceRef": {
                            "Entity": "DimSalesTerritory"
                          }
                        },
                        "Property": "SalesTerritoryRegion"
                      }
                    },
                    "Right": {
                      "Literal": {
                        "Value": "'Southwest'"
                      }
                    }
                  }
                }
              },
              {
                "scopeId": {
                  "Comparison": {
                    "ComparisonKind": 0,
                    "Left": {
                      "Column": {
                        "Expression": {
                          "SourceRef": {
                            "Entity": "DimProduct"
                          }
                        },
                        "Property": "Model"
                      }
                    },
                    "Right": {
                      "Literal": {
                        "Value": "'Road-250'"
                      }
                    }
                  }
                }
              }
            ]
          }
        }
      ]
    },
    "drillFilterOtherVisuals": true
  }
}