{
  "$schema": "https://developer.microsoft.com/json-schemas/fabric/item/report/definition/visualContainer/1.4.0/schema.json",
  "name": "2db2fa63e3beb2158561",
  "position": {
    "x": 32,
    "y": 224,
    "z": 3000,
    "height": 264,
    "width": 208,
    "tabOrder": 6000
  },
  "visual": {
    "visualType": "textbox",
    "objects": {
      "general": [
        {
          "properties": {
            "paragraphs": [
              {
                "textRuns": [
                  {
                    "value": "Select the sales person from the table on the right and click the \"Go to Salesperson dashboard\" button to see their full sales data.",
                    "textStyle": {
                      "fontSize": "12pt"
                    }
                  }
                ]
              },
              {
                "textRuns": [
                  {
                    "value": ""
                  }
                ]
              },
              {
                "textRuns": [
                  {
                    "value": "Use these slicers above to change which yearly data is visible or to filter by sales groups and countries.",
                    "textStyle": {
                      "fontSize": "12pt"
                    }
                  }
                ]
              }
            ]
          }
        }
      ]
    },
    "drillFilterOtherVisuals": true
  }
}