{
  "$schema": "https://developer.microsoft.com/json-schemas/fabric/item/report/definition/visualContainer/1.4.0/schema.json",
  "name": "7efd0b446ffb05686f5f",
  "position": {
    "x": 248,
    "y": 152,
    "z": 1000,
    "height": 432,
    "width": 1016,
    "tabOrder": 1000
  },
  "visual": {
    "visualType": "tableEx",
    "query": {
      "queryState": {
        "Values": {
          "projections": [
            {
              "field": {
                "Column": {
                  "Expression": {
                    "SourceRef": {
                      "Entity": "DimEmployee"
                    }
                  },
                  "Property": "Photo"
                }
              },
              "queryRef": "DimEmployee.Photo",
              "nativeQueryRef": "Photo"
            },
            {
              "field": {
                "Column": {
                  "Expression": {
                    "SourceRef": {
                      "Entity": "DimEmployee"
                    }
                  },
                  "Property": "Name"
                }
              },
              "queryRef": "DimEmployee.Name",
              "nativeQueryRef": "Name"
            },
            {
              "field": {
                "Column": {
                  "Expression": {
                    "SourceRef": {
                      "Entity": "DimEmployee"
                    }
                  },
                  "Property": "Email"
                }
              },
              "queryRef": "DimEmployee.Email",
              "nativeQueryRef": "Email"
            },
            {
              "field": {
                "Column": {
                  "Expression": {
                    "SourceRef": {
                      "Entity": "DimEmployee"
                    }
                  },
                  "Property": "Sales Group"
                }
              },
              "queryRef": "DimEmployee.Sales Group",
              "nativeQueryRef": "Sales Group"
            },
            {
              "field": {
                "Column": {
                  "Expression": {
                    "SourceRef": {
                      "Entity": "DimEmployee"
                    }
                  },
                  "Property": "Sales Country"
                }
              },
              "queryRef": "DimEmployee.Sales Country",
              "nativeQueryRef": "Sales Country"
            },
            {
              "field": {
                "Measure": {
                  "Expression": {
                    "SourceRef": {
                      "Entity": "_Measures"
                    }
                  },
                  "Property": "Total Lifetime sales"
                }
              },
              "queryRef": "_Measures.Total Lifetime sales",
              "nativeQueryRef": "Total Lifetime sales"
            },
            {
              "field": {
                "Measure": {
                  "Expression": {
                    "SourceRef": {
                      "Entity": "_Measures"
                    }
                  },
                  "Property": "Total Sales"
                }
              },
              "queryRef": "_Measures.Total Sales",
              "nativeQueryRef": "Total Sales"
            },
            {
              "field": {
                "Measure": {
                  "Expression": {
                    "SourceRef": {
                      "Entity": "_Measures"
                    }
                  },
                  "Property": "Total Sales PY"
                }
              },
              "queryRef": "_Measures.Total Sales PY",
              "nativeQueryRef": "Total Sales PY"
            },
            {
              "field": {
                "Measure": {
                  "Expression": {
                    "SourceRef": {
                      "Entity": "_Measures"
                    }
                  },
                  "Property": "Total Sales YoY%"
                }
              },
              "queryRef": "_Measures.Total Sales YoY%",
              "nativeQueryRef": "Total Sales YoY%"
            }
          ]
        }
      }
    },
    "objects": {
      "values": [
        {
          "properties": {
            "urlIcon": {
              "expr": {
                "Literal": {
                  "Value": "true"
                }
              }
            }
          }
        }
      ]
    },
    "drillFilterOtherVisuals": true
  }
}