{
  "$schema": "https://developer.microsoft.com/json-schemas/fabric/item/report/definition/visualContainer/1.4.0/schema.json",
  "name": "7710e2aa4f89e194fb60",
  "position": {
    "x": 360,
    "y": 176,
    "z": 0,
    "height": 288,
    "width": 680,
    "tabOrder": 0
  },
  "visual": {
    "visualType": "tableEx",
    "query": {
      "queryState": {
        "Values": {
          "projections": [
            {
              "field": {
                "Column": {
                  "Expression": {
                    "SourceRef": {
                      "Entity": "OrderDate"
                    }
                  },
                  "Property": "OrderYear"
                }
              },
              "queryRef": "OrderDate.OrderYear",
              "nativeQueryRef": "OrderYear"
            },
            {
              "field": {
                "Column": {
                  "Expression": {
                    "SourceRef": {
                      "Entity": "OrderDate"
                    }
                  },
                  "Property": "OrderMonth"
                }
              },
              "queryRef": "OrderDate.OrderMonth",
              "nativeQueryRef": "OrderMonth"
            },
            {
              "field": {
                "Measure": {
                  "Expression": {
                    "SourceRef": {
                      "Entity": "_Measures"
                    }
                  },
                  "Property": "Total Sales"
                }
              },
              "queryRef": "_Measures.Total Sales",
              "nativeQueryRef": "Total Sales"
            },
            {
              "field": {
                "Measure": {
                  "Expression": {
                    "SourceRef": {
                      "Entity": "_Measures"
                    }
                  },
                  "Property": "Total Sales YTD"
                }
              },
              "queryRef": "_Measures.Total Sales YTD",
              "nativeQueryRef": "Total Sales YTD"
            },
            {
              "field": {
                "Measure": {
                  "Expression": {
                    "SourceRef": {
                      "Entity": "_Measures"
                    }
                  },
                  "Property": "Total Sales QTD"
                }
              },
              "queryRef": "_Measures.Total Sales QTD",
              "nativeQueryRef": "Total Sales QTD"
            },
            {
              "field": {
                "Measure": {
                  "Expression": {
                    "SourceRef": {
                      "Entity": "_Measures"
                    }
                  },
                  "Property": "Total Sales PY"
                }
              },
              "queryRef": "_Measures.Total Sales PY",
              "nativeQueryRef": "Total Sales PY"
            },
            {
              "field": {
                "Measure": {
                  "Expression": {
                    "SourceRef": {
                      "Entity": "_Measures"
                    }
                  },
                  "Property": "Total Sales PY YTD"
                }
              },
              "queryRef": "_Measures.Total Sales PY YTD",
              "nativeQueryRef": "Total Sales PY YTD"
            }
          ]
        }
      },
      "sortDefinition": {
        "sort": [
          {
            "field": {
              "Measure": {
                "Expression": {
                  "SourceRef": {
                    "Entity": "_Measures"
                  }
                },
                "Property": "Total Sales QTD"
              }
            },
            "direction": "Descending"
          }
        ]
      }
    },
    "drillFilterOtherVisuals": true
  }
}