{
  "version": "1.1.0",
  "diagrams": [
    {
      "ordinal": 0,
      "scrollPosition": {
        "x": 0,
        "y": 97
      },
      "nodes": [
        {
          "location": {
            "x": 1,
            "y": 276
          },
          "nodeIndex": "DimEmployee",
          "nodeLineageTag": "a268d090-0b72-421d-908e-0d78f93f980e",
          "size": {
            "height": 432,
            "width": 234
          },
          "zIndex": 3
        },
        {
          "location": {
            "x": 1212,
            "y": 425.63918911570829
          },
          "nodeIndex": "DimProduct",
          "nodeLineageTag": "fc1398be-f539-46ba-97ca-b24237db7d08",
          "size": {
            "height": 300,
            "width": 234
          },
          "zIndex": 4
        },
        {
          "location": {
            "x": 1214,
            "y": 0
          },
          "nodeIndex": "DimReseller",
          "nodeLineageTag": "1436d117-1484-4fd2-8fa7-48d428478e5d",
          "size": {
            "height": 300,
            "width": 234
          },
          "zIndex": 5
        },
        {
          "location": {
            "x": 811.63686382830531,
            "y": 0
          },
          "nodeIndex": "DimSalesTerritory",
          "nodeLineageTag": "be2f2751-74a9-4549-bffb-421b46a7bef5",
          "size": {
            "height": 200,
            "width": 234
          },
          "zIndex": 7
        },
        {
          "location": {
            "x": 801.70806537366684,
            "y": 292
          },
          "nodeIndex": "FactResellerSales",
          "nodeLineageTag": "9425f67a-b9e7-4589-aff2-db5034842189",
          "size": {
            "height": 300,
            "width": 234
          },
          "zIndex": 6
        },
        {
          "location": {
            "x": 490.38124216186,
            "y": 507
          },
          "nodeIndex": "_Measures",
          "nodeLineageTag": "0d49dd3e-48af-4252-b591-4dd31dae989d",
          "size": {
            "height": 339,
            "width": 234
          },
          "zIndex": 9
        },
        {
          "location": {
            "x": 552.38124216186,
            "y": 0
          },
          "nodeIndex": "DueDate",
          "nodeLineageTag": "d0f6dcd8-d570-4727-b168-49c004f1811d",
          "size": {
            "height": 145,
            "width": 234
          },
          "zIndex": 8
        },
        {
          "location": {
            "x": 33,
            "y": 0
          },
          "nodeIndex": "OrderDate",
          "nodeLineageTag": "1357ca47-271d-497b-a1c1-1a5342826e24",
          "size": {
            "height": 145,
            "width": 234
          },
          "zIndex": 1
        },
        {
          "location": {
            "x": 294,
            "y": 1
          },
          "nodeIndex": "ShipDate",
          "nodeLineageTag": "cea4597a-eb25-4da6-880b-96760e9bb2af",
          "size": {
            "height": 145,
            "width": 234
          },
          "zIndex": 2
        },
        {
          "location": {
            "x": 1497,
            "y": 311
          },
          "nodeIndex": "test-scores",
          "nodeLineageTag": "8417b54a-9cc1-46d6-8545-ef071fe41698",
          "size": {
            "height": 224,
            "width": 234
          },
          "zIndex": 0
        }
      ],
      "name": "All tables",
      "zoomValue": 100,
      "pinKeyFieldsToTop": false,
      "showExtraHeaderInfo": false,
      "hideKeyFieldsWhenCollapsed": false,
      "tablesLocked": false
    }
  ],
  "selectedDiagram": "All tables",
  "defaultDiagram": "All tables"
}