{
  "$schema": "https://developer.microsoft.com/json-schemas/fabric/item/report/definition/visualContainer/1.4.0/schema.json",
  "name": "418196d37cda6267fcf7",
  "position": {
    "x": 1144,
    "y": 32,
    "z": 3000,
    "height": 152,
    "width": 119.99999999999999,
    "tabOrder": 3000
  },
  "visual": {
    "visualType": "tableEx",
    "query": {
      "queryState": {
        "Values": {
          "projections": [
            {
              "field": {
                "Column": {
                  "Expression": {
                    "SourceRef": {
                      "Entity": "DimEmployee"
                    }
                  },
                  "Property": "Photo"
                }
              },
              "queryRef": "DimEmployee.Photo",
              "nativeQueryRef": "Photo"
            }
          ]
        }
      },
      "sortDefinition": {
        "sort": [
          {
            "field": {
              "Column": {
                "Expression": {
                  "SourceRef": {
                    "Entity": "DimEmployee"
                  }
                },
                "Property": "Photo"
              }
            },
            "direction": "Ascending"
          }
        ]
      }
    },
    "objects": {
      "values": [
        {
          "properties": {
            "wordWrap": {
              "expr": {
                "Literal": {
                  "Value": "true"
                }
              }
            },
            "urlIcon": {
              "expr": {
                "Literal": {
                  "Value": "false"
                }
              }
            }
          }
        }
      ],
      "columnHeaders": [
        {
          "properties": {
            "wordWrap": {
              "expr": {
                "Literal": {
                  "Value": "true"
                }
              }
            }
          }
        }
      ],
      "total": [
        {
          "properties": {
            "totals": {
              "expr": {
                "Literal": {
                  "Value": "true"
                }
              }
            }
          }
        }
      ],
      "columnFormatting": [
        {
          "properties": {
            "styleValues": {
              "expr": {
                "Literal": {
                  "Value": "true"
                }
              }
            },
            "styleHeader": {
              "expr": {
                "Literal": {
                  "Value": "false"
                }
              }
            }
          },
          "selector": {
            "metadata": "DimEmployee.Photo"
          }
        }
      ],
      "grid": [
        {
          "properties": {
            "imageHeight": {
              "expr": {
                "Literal": {
                  "Value": "100D"
                }
              }
            },
            "gridHorizontal": {
              "expr": {
                "Literal": {
                  "Value": "false"
                }
              }
            },
            "imageWidth": {
              "expr": {
                "Literal": {
                  "Value": "100D"
                }
              }
            }
          }
        }
      ],
      "columnWidth": [
        {
          "properties": {
            "value": {
              "expr": {
                "Literal": {
                  "Value": "101.90909356978314D"
                }
              }
            }
          },
          "selector": {
            "metadata": "DimEmployee.Photo"
          }
        }
      ],
      "accessibility": [
        {
          "properties": {
            "rowWithReferenceText": {
              "expr": {
                "Literal": {
                  "Value": "''"
                }
              }
            }
          }
        }
      ]
    },
    "visualContainerObjects": {
      "background": [
        {
          "properties": {
            "show": {
              "expr": {
                "Literal": {
                  "Value": "false"
                }
              }
            }
          }
        }
      ],
      "stylePreset": [
        {
          "properties": {
            "name": {
              "expr": {
                "Literal": {
                  "Value": "'Default'"
                }
              }
            }
          }
        }
      ],
      "lockAspect": [
        {
          "properties": {
            "show": {
              "expr": {
                "Literal": {
                  "Value": "false"
                }
              }
            }
          }
        }
      ]
    },
    "drillFilterOtherVisuals": true
  }
}