{
  "$schema": "https://developer.microsoft.com/json-schemas/fabric/item/report/definition/visualContainer/1.4.0/schema.json",
  "name": "daf7a86a1dcf0491817f",
  "position": {
    "x": 128,
    "y": 152,
    "z": 0,
    "height": 400,
    "width": 1072,
    "tabOrder": 0
  },
  "visual": {
    "visualType": "tableEx",
    "query": {
      "queryState": {
        "Values": {
          "projections": [
            {
              "field": {
                "Column": {
                  "Expression": {
                    "SourceRef": {
                      "Entity": "DimEmployee"
                    }
                  },
                  "Property": "Name"
                }
              },
              "queryRef": "DimEmployee.Name",
              "nativeQueryRef": "Name"
            },
            {
              "field": {
                "Column": {
                  "Expression": {
                    "SourceRef": {
                      "Entity": "DimEmployee"
                    }
                  },
                  "Property": "Title"
                }
              },
              "queryRef": "DimEmployee.Title",
              "nativeQueryRef": "Title"
            },
            {
              "field": {
                "Column": {
                  "Expression": {
                    "SourceRef": {
                      "Entity": "DimEmployee"
                    }
                  },
                  "Property": "Sales Group"
                }
              },
              "queryRef": "DimEmployee.Sales Group",
              "nativeQueryRef": "Sales Group"
            },
            {
              "field": {
                "Column": {
                  "Expression": {
                    "SourceRef": {
                      "Entity": "DimEmployee"
                    }
                  },
                  "Property": "Supervisor Title"
                }
              },
              "queryRef": "DimEmployee.Supervisor Title",
              "nativeQueryRef": "Supervisor Title"
            },
            {
              "field": {
                "Column": {
                  "Expression": {
                    "SourceRef": {
                      "Entity": "DimEmployee"
                    }
                  },
                  "Property": "Supervisor Email"
                }
              },
              "queryRef": "DimEmployee.Supervisor Email",
              "nativeQueryRef": "Supervisor Email"
            },
            {
              "field": {
                "Column": {
                  "Expression": {
                    "SourceRef": {
                      "Entity": "DimEmployee"
                    }
                  },
                  "Property": "Employee Email"
                }
              },
              "queryRef": "DimEmployee.Employee Email",
              "nativeQueryRef": "Employee Email"
            }
          ]
        }
      }
    },
    "drillFilterOtherVisuals": true
  }
}