{
  "$schema": "https://developer.microsoft.com/json-schemas/fabric/item/report/definition/visualContainer/1.4.0/schema.json",
  "name": "b7cffa64c9f53f1f16b0",
  "position": {
    "x": 840,
    "y": 472,
    "z": 8000,
    "height": 239.99999999999997,
    "width": 432,
    "tabOrder": 8000
  },
  "visual": {
    "visualType": "areaChart",
    "query": {
      "queryState": {
        "Category": {
          "projections": [
            {
              "field": {
                "Column": {
                  "Expression": {
                    "SourceRef": {
                      "Entity": "OrderDate"
                    }
                  },
                  "Property": "OrderMonth"
                }
              },
              "queryRef": "OrderDate.OrderMonth",
              "nativeQueryRef": "OrderMonth",
              "active": true
            }
          ]
        },
        "Y": {
          "projections": [
            {
              "field": {
                "Measure": {
                  "Expression": {
                    "SourceRef": {
                      "Entity": "_Measures"
                    }
                  },
                  "Property": "Total Sales PY YTD"
                }
              },
              "queryRef": "_Measures.Total Sales PY YTD",
              "nativeQueryRef": "Total Sales PY YTD"
            },
            {
              "field": {
                "Measure": {
                  "Expression": {
                    "SourceRef": {
                      "Entity": "_Measures"
                    }
                  },
                  "Property": "Total Sales YTD"
                }
              },
              "queryRef": "_Measures.Total Sales YTD",
              "nativeQueryRef": "Total Sales YTD"
            }
          ]
        }
      }
    },
    "objects": {
      "lineStyles": [
        {
          "properties": {
            "lineStyle": {
              "expr": {
                "Literal": {
                  "Value": "'solid'"
                }
              }
            }
          }
        },
        {
          "properties": {
            "lineStyle": {
              "expr": {
                "Literal": {
                  "Value": "'dotted'"
                }
              }
            }
          },
          "selector": {
            "metadata": "_Measures.Total Sales PY YTD"
          }
        }
      ],
      "dataPoint": [
        {
          "properties": {
            "fill": {
              "solid": {
                "color": {
                  "expr": {
                    "Literal": {
                      "Value": "'#A9D18E'"
                    }
                  }
                }
              }
            }
          },
          "selector": {
            "metadata": "_Measures.Total Sales YTD"
          }
        },
        {
          "properties": {
            "fill": {
              "solid": {
                "color": {
                  "expr": {
                    "ThemeDataColor": {
                      "ColorId": 0,
                      "Percent": -0.5
                    }
                  }
                }
              }
            }
          },
          "selector": {
            "metadata": "_Measures.Total Sales PY YTD"
          }
        }
      ],
      "legend": [
        {
          "properties": {
            "show": {
              "expr": {
                "Literal": {
                  "Value": "false"
                }
              }
            }
          }
        }
      ]
    },
    "visualContainerObjects": {
      "border": [
        {
          "properties": {
            "show": {
              "expr": {
                "Literal": {
                  "Value": "true"
                }
              }
            },
            "color": {
              "solid": {
                "color": {
                  "expr": {
                    "ThemeDataColor": {
                      "ColorId": 0,
                      "Percent": -0.5
                    }
                  }
                }
              }
            },
            "width": {
              "expr": {
                "Literal": {
                  "Value": "1.2D"
                }
              }
            }
          }
        }
      ],
      "title": [
        {
          "properties": {
            "text": {
              "expr": {
                "Measure": {
                  "Expression": {
                    "SourceRef": {
                      "Entity": "_Measures"
                    }
                  },
                  "Property": "Area Chart Title"
                }
              }
            },
            "show": {
              "expr": {
                "Literal": {
                  "Value": "true"
                }
              }
            }
          }
        }
      ]
    },
    "drillFilterOtherVisuals": true
  }
}