{
  "$schema": "https://developer.microsoft.com/json-schemas/fabric/item/report/definition/visualContainer/1.4.0/schema.json",
  "name": "ac265531ec6e8fb255d5",
  "position": {
    "x": 56,
    "y": 0,
    "z": 1000,
    "height": 184,
    "width": 1080,
    "tabOrder": 0
  },
  "visual": {
    "visualType": "cardVisual",
    "query": {
      "queryState": {
        "Data": {
          "projections": [
            {
              "field": {
                "Aggregation": {
                  "Expression": {
                    "Column": {
                      "Expression": {
                        "SourceRef": {
                          "Entity": "DimEmployee"
                        }
                      },
                      "Property": "Name"
                    }
                  },
                  "Function": 3
                }
              },
              "queryRef": "Min(DimEmployee.Name)",
              "nativeQueryRef": "First Name"
            },
            {
              "field": {
                "Aggregation": {
                  "Expression": {
                    "Column": {
                      "Expression": {
                        "SourceRef": {
                          "Entity": "DimEmployee"
                        }
                      },
                      "Property": "Title"
                    }
                  },
                  "Function": 3
                }
              },
              "queryRef": "Min(DimEmployee.Title)",
              "nativeQueryRef": "First Title"
            },
            {
              "field": {
                "Aggregation": {
                  "Expression": {
                    "Column": {
                      "Expression": {
                        "SourceRef": {
                          "Entity": "DimEmployee"
                        }
                      },
                      "Property": "HireDate"
                    }
                  },
                  "Function": 3
                }
              },
              "queryRef": "Min(DimEmployee.HireDate)",
              "nativeQueryRef": "Earliest HireDate"
            },
            {
              "field": {
                "Aggregation": {
                  "Expression": {
                    "Column": {
                      "Expression": {
                        "SourceRef": {
                          "Entity": "DimEmployee"
                        }
                      },
                      "Property": "Phone"
                    }
                  },
                  "Function": 3
                }
              },
              "queryRef": "Min(DimEmployee.Phone)",
              "nativeQueryRef": "First Phone"
            },
            {
              "field": {
                "Aggregation": {
                  "Expression": {
                    "Column": {
                      "Expression": {
                        "SourceRef": {
                          "Entity": "DimEmployee"
                        }
                      },
                      "Property": "Sales Region"
                    }
                  },
                  "Function": 3
                }
              },
              "queryRef": "Min(DimEmployee.Sales Region)",
              "nativeQueryRef": "First Sales Region"
            },
            {
              "field": {
                "Measure": {
                  "Expression": {
                    "SourceRef": {
                      "Entity": "_Measures"
                    }
                  },
                  "Property": "Total Lifetime sales"
                }
              },
              "queryRef": "_Measures.Total Lifetime sales",
              "nativeQueryRef": "Total Lifetime sales"
            }
          ]
        }
      }
    },
    "objects": {
      "layout": [
        {
          "properties": {
            "orientation": {
              "expr": {
                "Literal": {
                  "Value": "0D"
                }
              }
            },
            "rowCount": {
              "expr": {
                "Literal": {
                  "Value": "2L"
                }
              }
            },
            "columnCount": {
              "expr": {
                "Literal": {
                  "Value": "3L"
                }
              }
            },
            "cellPadding": {
              "expr": {
                "Literal": {
                  "Value": "6L"
                }
              }
            },
            "customizePadding": {
              "expr": {
                "Literal": {
                  "Value": "false"
                }
              }
            }
          }
        }
      ],
      "value": [
        {
          "properties": {
            "fontFamily": {
              "expr": {
                "Literal": {
                  "Value": "'''Segoe UI'', wf_segoe-ui_normal, helvetica, arial, sans-serif'"
                }
              }
            },
            "fontSize": {
              "expr": {
                "Literal": {
                  "Value": "18D"
                }
              }
            }
          },
          "selector": {
            "id": "default"
          }
        },
        {
          "properties": {
            "fontSize": {
              "expr": {
                "Literal": {
                  "Value": "18D"
                }
              }
            }
          },
          "selector": {
            "metadata": "Min(DimEmployee.Title)"
          }
        }
      ],
      "spacing": [
        {
          "properties": {
            "verticalSpacing": {
              "expr": {
                "Literal": {
                  "Value": "3L"
                }
              }
            }
          },
          "selector": {
            "id": "default"
          }
        }
      ],
      "label": [
        {
          "properties": {
            "text": {
              "expr": {
                "Literal": {
                  "Value": "'Name'"
                }
              }
            }
          },
          "selector": {
            "metadata": "Min(DimEmployee.Name)"
          }
        },
        {
          "properties": {
            "text": {
              "expr": {
                "Literal": {
                  "Value": "'Title'"
                }
              }
            },
            "position": {
              "expr": {
                "Literal": {
                  "Value": "'aboveValue'"
                }
              }
            },
            "textWrap": {
              "expr": {
                "Literal": {
                  "Value": "false"
                }
              }
            },
            "matchValueAlignment": {
              "expr": {
                "Literal": {
                  "Value": "true"
                }
              }
            },
            "bold": {
              "expr": {
                "Literal": {
                  "Value": "false"
                }
              }
            }
          },
          "selector": {
            "metadata": "Min(DimEmployee.Title)"
          }
        },
        {
          "properties": {
            "text": {
              "expr": {
                "Literal": {
                  "Value": "'Hire Date'"
                }
              }
            }
          },
          "selector": {
            "metadata": "Min(DimEmployee.HireDate)"
          }
        },
        {
          "properties": {
            "text": {
              "expr": {
                "Literal": {
                  "Value": "'Phone Number'"
                }
              }
            }
          },
          "selector": {
            "metadata": "Min(DimEmployee.Phone)"
          }
        },
        {
          "properties": {
            "text": {
              "expr": {
                "Literal": {
                  "Value": "'Sales Region'"
                }
              }
            }
          },
          "selector": {
            "metadata": "Min(DimEmployee.Sales Region)"
          }
        }
      ],
      "image": [
        {
          "properties": {
            "show": {
              "expr": {
                "Literal": {
                  "Value": "true"
                }
              }
            },
            "image": {
              "image": {
                "name": {
                  "expr": {
                    "Literal": {
                      "Value": "'rep-name.png'"
                    }
                  }
                },
                "url": {
                  "expr": {
                    "ResourcePackageItem": {
                      "PackageName": "RegisteredResources",
                      "PackageType": 1,
                      "ItemName": "rep-name39467755587472375.png"
                    }
                  }
                },
                "scaling": {
                  "expr": {
                    "Literal": {
                      "Value": "'Normal'"
                    }
                  }
                }
              }
            },
            "position": {
              "expr": {
                "Literal": {
                  "Value": "'Left'"
                }
              }
            },
            "padding": {
              "expr": {
                "Literal": {
                  "Value": "10L"
                }
              }
            }
          },
          "selector": {
            "metadata": "Min(DimEmployee.Name)"
          }
        },
        {
          "properties": {
            "show": {
              "expr": {
                "Literal": {
                  "Value": "true"
                }
              }
            },
            "image": {
              "image": {
                "name": {
                  "expr": {
                    "Literal": {
                      "Value": "'rep-title.png'"
                    }
                  }
                },
                "url": {
                  "expr": {
                    "ResourcePackageItem": {
                      "PackageName": "RegisteredResources",
                      "PackageType": 1,
                      "ItemName": "rep-title3057295421404922.png"
                    }
                  }
                },
                "scaling": {
                  "expr": {
                    "Literal": {
                      "Value": "'Normal'"
                    }
                  }
                }
              }
            },
            "position": {
              "expr": {
                "Literal": {
                  "Value": "'Left'"
                }
              }
            },
            "padding": {
              "expr": {
                "Literal": {
                  "Value": "10L"
                }
              }
            },
            "fixedSize": {
              "expr": {
                "Literal": {
                  "Value": "false"
                }
              }
            },
            "imageAreaSize": {
              "expr": {
                "Literal": {
                  "Value": "24L"
                }
              }
            }
          },
          "selector": {
            "metadata": "Min(DimEmployee.Title)"
          }
        },
        {
          "properties": {
            "show": {
              "expr": {
                "Literal": {
                  "Value": "true"
                }
              }
            },
            "image": {
              "image": {
                "name": {
                  "expr": {
                    "Literal": {
                      "Value": "'rep-hired.png'"
                    }
                  }
                },
                "url": {
                  "expr": {
                    "ResourcePackageItem": {
                      "PackageName": "RegisteredResources",
                      "PackageType": 1,
                      "ItemName": "rep-hired9834479869462298.png"
                    }
                  }
                },
                "scaling": {
                  "expr": {
                    "Literal": {
                      "Value": "'Normal'"
                    }
                  }
                }
              }
            },
            "position": {
              "expr": {
                "Literal": {
                  "Value": "'Left'"
                }
              }
            },
            "padding": {
              "expr": {
                "Literal": {
                  "Value": "10L"
                }
              }
            },
            "fixedSize": {
              "expr": {
                "Literal": {
                  "Value": "false"
                }
              }
            },
            "imageAreaSize": {
              "expr": {
                "Literal": {
                  "Value": "34L"
                }
              }
            }
          },
          "selector": {
            "metadata": "Min(DimEmployee.HireDate)"
          }
        },
        {
          "properties": {
            "show": {
              "expr": {
                "Literal": {
                  "Value": "true"
                }
              }
            },
            "image": {
              "image": {
                "name": {
                  "expr": {
                    "Literal": {
                      "Value": "'rep-phone.png'"
                    }
                  }
                },
                "url": {
                  "expr": {
                    "ResourcePackageItem": {
                      "PackageName": "RegisteredResources",
                      "PackageType": 1,
                      "ItemName": "rep-phone07425757926923082.png"
                    }
                  }
                },
                "scaling": {
                  "expr": {
                    "Literal": {
                      "Value": "'Normal'"
                    }
                  }
                }
              }
            },
            "position": {
              "expr": {
                "Literal": {
                  "Value": "'Left'"
                }
              }
            },
            "padding": {
              "expr": {
                "Literal": {
                  "Value": "10L"
                }
              }
            },
            "fixedSize": {
              "expr": {
                "Literal": {
                  "Value": "false"
                }
              }
            },
            "imageAreaSize": {
              "expr": {
                "Literal": {
                  "Value": "25L"
                }
              }
            }
          },
          "selector": {
            "metadata": "Min(DimEmployee.Phone)"
          }
        },
        {
          "properties": {
            "show": {
              "expr": {
                "Literal": {
                  "Value": "true"
                }
              }
            },
            "image": {
              "image": {
                "name": {
                  "expr": {
                    "Literal": {
                      "Value": "'rep-region.png'"
                    }
                  }
                },
                "url": {
                  "expr": {
                    "ResourcePackageItem": {
                      "PackageName": "RegisteredResources",
                      "PackageType": 1,
                      "ItemName": "rep-region9385935131012904.png"
                    }
                  }
                },
                "scaling": {
                  "expr": {
                    "Literal": {
                      "Value": "'Normal'"
                    }
                  }
                }
              }
            },
            "position": {
              "expr": {
                "Literal": {
                  "Value": "'Left'"
                }
              }
            },
            "padding": {
              "expr": {
                "Literal": {
                  "Value": "10L"
                }
              }
            },
            "fixedSize": {
              "expr": {
                "Literal": {
                  "Value": "false"
                }
              }
            },
            "imageAreaSize": {
              "expr": {
                "Literal": {
                  "Value": "41L"
                }
              }
            }
          },
          "selector": {
            "metadata": "Min(DimEmployee.Sales Region)"
          }
        },
        {
          "properties": {
            "show": {
              "expr": {
                "Literal": {
                  "Value": "true"
                }
              }
            },
            "image": {
              "image": {
                "name": {
                  "expr": {
                    "Literal": {
                      "Value": "'rep-sales.png'"
                    }
                  }
                },
                "url": {
                  "expr": {
                    "ResourcePackageItem": {
                      "PackageName": "RegisteredResources",
                      "PackageType": 1,
                      "ItemName": "rep-sales5913788969999088.png"
                    }
                  }
                },
                "scaling": {
                  "expr": {
                    "Literal": {
                      "Value": "'Normal'"
                    }
                  }
                }
              }
            },
            "position": {
              "expr": {
                "Literal": {
                  "Value": "'Left'"
                }
              }
            },
            "padding": {
              "expr": {
                "Literal": {
                  "Value": "10L"
                }
              }
            },
            "fixedSize": {
              "expr": {
                "Literal": {
                  "Value": "false"
                }
              }
            },
            "imageAreaSize": {
              "expr": {
                "Literal": {
                  "Value": "32L"
                }
              }
            }
          },
          "selector": {
            "metadata": "_Measures.Total Lifetime sales"
          }
        }
      ],
      "overFlow": [
        {
          "properties": {
            "overFlowStyle": {
              "expr": {
                "Literal": {
                  "Value": "1D"
                }
              }
            },
            "overFlowDirection": {
              "expr": {
                "Literal": {
                  "Value": "0D"
                }
              }
            }
          }
        }
      ],
      "shapeCustomRectangle": [
        {
          "properties": {
            "tileShape": {
              "expr": {
                "Literal": {
                  "Value": "'rectangleRoundedByPixel'"
                }
              }
            },
            "rectangleRoundedCurve": {
              "expr": {
                "Literal": {
                  "Value": "6L"
                }
              }
            },
            "rectangleRoundedCurveCustomStyle": {
              "expr": {
                "Literal": {
                  "Value": "false"
                }
              }
            }
          },
          "selector": {
            "id": "default"
          }
        }
      ],
      "padding": [
        {
          "properties": {
            "paddingSelection": {
              "expr": {
                "Literal": {
                  "Value": "'Narrow'"
                }
              }
            }
          },
          "selector": {
            "id": "default"
          }
        }
      ],
      "shadowCustom": [
        {
          "properties": {
            "show": {
              "expr": {
                "Literal": {
                  "Value": "false"
                }
              }
            }
          },
          "selector": {
            "id": "default"
          }
        }
      ],
      "outline": [
        {
          "properties": {
            "lineColor": {
              "solid": {
                "color": {
                  "expr": {
                    "ThemeDataColor": {
                      "ColorId": 0,
                      "Percent": -0.5
                    }
                  }
                }
              }
            }
          },
          "selector": {
            "id": "default"
          }
        }
      ]
    },
    "visualContainerObjects": {
      "background": [
        {
          "properties": {
            "show": {
              "expr": {
                "Literal": {
                  "Value": "false"
                }
              }
            }
          }
        }
      ],
      "border": [
        {
          "properties": {
            "show": {
              "expr": {
                "Literal": {
                  "Value": "false"
                }
              }
            }
          }
        }
      ]
    },
    "drillFilterOtherVisuals": true
  }
}